Lig_smiles,Sub_name,Yield_pred
CC(C)(C1=CC(P(C2=CC(C(C)(C)C)=C(OC)C(C(C)(C)C)=C2)C3=C(C4=C(P(C5=CC(C(C)(C)C)=C(OC)C(C(C)(C)C)=C5)C6=CC(C(C)(C)C)=C(OC)C(C(C)(C)C)=C6)C=CC7=C4OCO7)C8=C(OCO8)C=C3)=CC(C(C)(C)C)=C1OC)C,alpha-tetralone,11.654264545223864
C12=C(C(C3=C(P(C4=CC=CC=C4)C5=CC=CC=C5)C=CC6=C3OCO6)=C(P(C7=CC=CC=C7)C8=CC=CC=C8)C=C2)OCO1,alpha-tetralone,23.21617777777778
CC(P(C(C)C)[C-]1C=CC=C1)C.CC(P(C(C)C)[C-]2C=CC=C2)C.[Fe+2],alpha-tetralone,15.746473916137138
C1(P(C2=CC=CC3=C2OC4=C(C=CC=C4P(C5=CC=CC=C5)C6=CC=CC=C6)N3)C7=CC=CC=C7)=CC=CC=C1,alpha-tetralone,26.577633667502088
C1(P(C2=CC=CC=C2)[C-]3C=CC=C3C4=CC=C[C-]4P(C5=CC=CC=C5)C6=CC=CC=C6)=CC=CC=C1.[CH-]7C=CC=C7.[Fe+2].[Fe+2].C8=CC=C[CH-]8,alpha-tetralone,23.31508604845447
C12CC(C(P(C3=CC=CC=C3)C4=CC=CC=C4)C2P(C5=CC=CC=C5)C6=CC=CC=C6)C=C1,alpha-tetralone,6.896250374812585
FC1=C(F)C(F)=C(F)C(F)=C1P(C2=C(F)C(F)=C(F)C(F)=C2F)C3=CC=CC=C3,alpha-tetralone,18.990016681988724
CC(N(C)C)C1=CC=C[C-]1P(C2=CC=CC=C2)C3=CC=CC=C3.C4(P(C5=CC=CC=C5)[C-]6C=CC=C6)=CC=CC=C4.[Fe+2],alpha-tetralone,22.196583333333336
CCCP(C1=CC=CC=C1)C2=CC=CC=C2,alpha-tetralone,8.915054195751573
COC1=C(C2=C(P(C3=CC=CC=C3)C4=CC=CC=C4)C=CC5=CC=CC=C52)C6=CC=CC=C6C=C1,alpha-tetralone,6.913145623934912
O=C(O)C1=CC=CC=C1P(C2=CC=CC=C2)C3=CC=CC=C3,alpha-tetralone,18.108901498216436
CN(C1=CC=CC=C1C2=CC=CC=C2P(C3CCCCC3)C4CCCCC4)C,alpha-tetralone,3.1428556356739494
CC(P(C(C)(C)C)C1=C(N2N=C(C3=CC=CC=C3)C=C2C4=CC=CC=C4)C=CC=C1)(C)C,alpha-tetralone,4.158880327104432
C1(C2=CC=CC=C2P(C3=CC=CC=C3)C4=CC=CC=C4)=CC=CC=C1,alpha-tetralone,18.641979450622703
N#CC1=CC=CC=C1P(C2=CC=CC=C2)C3=CC=CC=C3,alpha-tetralone,20.306059607203636
CC(C1=CC(C(C)C)=C(C2=CC=CC=C2P(C(C)(C)C)C(C)(C)C)C(C(C)C)=C1)C,alpha-tetralone,2.965992687460601
CC(P(C(C)(C)C)C(C)(C)C)C1=CC=C[C-]1P(C2=CC=CC=C2)C3=CC=CC=C3.[CH-]4C=CC=C4.[Fe+2],alpha-tetralone,19.908009740259743
CC(C1=C(C2=C(OC)C=CC(OC)=C2P(C(C)(C)C)C(C)(C)C)C(C(C)C)=CC(C(C)C)=C1)C,alpha-tetralone,3.3477187935686863
CC(C)C1=C(C(C(C)C)=CC(C(C)C)=C1)C2=C(C=CC(OC)=C2P(C3CCCCC3)C4CCCCC4)OC,alpha-tetralone,5.95510691894473
COC1=CC=CC(P(C2=CC=CC=C2)C3=CC=CC=C3)=C1C4=C(P(C5=CC=CC=C5)C6=CC=CC=C6)C=CC=C4OC,alpha-tetralone,12.310535350098593
O=C(O)CCP(CCC(O)=O)CCC(O)=O.Cl,alpha-tetralone,18.449649747212256
CCP(CC)CC,alpha-tetralone,10.417906558091449
FC(C1=CC(C(F)(F)F)=CC(P(C2=CC(C(F)(F)F)=CC(C(F)(F)F)=C2)C3=CC(C(F)(F)F)=CC(C(F)(F)F)=C3)=C1)(F)F,alpha-tetralone,11.003063746688085
CC1=CC=C(P(C2=C(C3=C(P(C4=CC=C(C)C=C4)C5=CC=C(C)C=C5)C=CC6=CC=CC=C63)C7=CC=CC=C7C=C2)C8=CC=C(C)C=C8)C=C1,alpha-tetralone,18.734328528574327
C12=CC=CC(P(C3=CC=CC4=C3C=CC=C4)C5=CC=CC6=C5C=CC=C6)=C1C=CC=C2,alpha-tetralone,8.645341941163359
C/C(P(C(C)(C)C)C(C)(C)C)=C(C1=CC=CC=C1)/C2=CC=CC=C2,alpha-tetralone,4.424342377830619
CP(CCP(C)C)C,alpha-tetralone,8.753131487806247
COC1=CC=CC=C1P(C2=CC=CC=C2)CCP(C3=CC=CC=C3OC)C4=CC=CC=C4,alpha-tetralone,4.1513117074516295
FC1=C(F)C(F)=C(F)C(F)=C1P(C2=C(F)C(F)=C(F)C(F)=C2F)CCP(C3=C(F)C(F)=C(F)C(F)=C3F)C4=C(F)C(F)=C(F)C(F)=C4F,alpha-tetralone,13.966145385094869
CC1(C)C2=C(OC3=C1C=CC=C3P(C4CCCCC4)C5CCCCC5)C(P(C6CCCCC6)C7CCCCC7)=CC=C2,alpha-tetralone,17.737070445142
ClP(C1=CC=CC=C1)C2=CC=CC=C2,alpha-tetralone,9.573661640140262
C1(CCCCC1)P(C2=CC=CC=C2)C3=CC=CC=C3,alpha-tetralone,3.1626875517766257
CCP(C1=CC=CC=C1)CC,alpha-tetralone,8.392424993847944
C1(P(C2=CC=CC=C2)C3=CC=CC=C3)=NC=CC=C1,alpha-tetralone,13.709181769346374
OC(C(C=C1)=CC=C1P(C2=CC=CC=C2)C3=CC=CC=C3)=O,alpha-tetralone,18.035888677703614
CC(C)(C)P(C1=CC=CC=C1)C(C)(C)C,alpha-tetralone,7.665363542160532
O=CC1=CC=CC=C1P(C2=CC=CC=C2)C3=CC=CC=C3,alpha-tetralone,17.934338383237716
CC1=C(C2=CC=CC=C2P(C3CCCCC3)C4CCCCC4)C=CC=C1,alpha-tetralone,3.001826020793934
CCP(C1=CC=CC=C1)C2=CC=CC=C2,alpha-tetralone,8.995190703688083
CC(C)P(C1=CC=CC=C1)C2=CC=CC=C2,alpha-tetralone,7.803218650230685
C[N+]1(CCCC1)CC(C=C2)=CC=C2P(C3=CC=CC=C3)C4=CC=CC=C4.[Br-],alpha-tetralone,18.567402862168436
ClC(C=C1)=CC=C1P(C2=CC=C(Cl)C=C2)C3=CC=C(Cl)C=C3,alpha-tetralone,22.228771414958427
CC1=CC(C)=CC(P(C2=CC(C)=CC(C)=C2)C3=C(C4=C(P(C5=CC(C)=CC(C)=C5)C6=CC(C)=CC(C)=C6)C=CC7=CC=CC=C74)C8=CC=CC=C8C=C3)=C1,alpha-tetralone,18.886230675787644
C1(P(C2=CC=CC=C2)CCCCCP(C3=CC=CC=C3)C4=CC=CC=C4)=CC=CC=C1,alpha-tetralone,14.505362121212123
C1(P(C2=CC=CC=C2)/C=C/P(C3=CC=CC=C3)C4=CC=CC=C4)=CC=CC=C1,alpha-tetralone,5.490469785278767
CC(C1=CC=C[C-]1P(C2=CC=CC=C2)C3=CC=CC=C3)N(C)C.[CH-]4C=CC=C4.[Fe+2],alpha-tetralone,17.112161007531846
C1(P(C2=CC=CS2)C3=CC=CS3)=CC=CS1,alpha-tetralone,5.14613840515604
CP(C)C,alpha-tetralone,9.333803492869677
C1(P(CCCCCCP(C2=CC=CC=C2)C3=CC=CC=C3)C4=CC=CC=C4)=CC=CC=C1,alpha-tetralone,15.114362121212123
CC(C)(C)P([C-]1C=CC=C1)C(C)(C)C.CC(C)(C)P([C-]2C=CC=C2)C(C)(C)C.[Fe+2],alpha-tetralone,16.04866875181789
BrC1=CC=CC=C1P(C2=CC=CC=C2)C3=CC=CC=C3,alpha-tetralone,21.53992238742994
ClP([C-]1C=CC=C1)Cl.ClP([C-]2C=CC=C2)Cl.[Fe+2],alpha-tetralone,17.469390675596227
C1(P(C2=CC=CC=C2)C3=CC=CC=C3)=CC(C=CC4=C5C(C=C6)=CC=C4)=C5C6=C1,alpha-tetralone,6.294196967840589
C1(P(C2CCCCC2)C3CCCCC3)=CC=CC=C1,alpha-tetralone,3.1626875517766257
CN(C(C=C1)=CC=C1P(C2=CC=CC=C2)C3=CC=CC=C3)C,alpha-tetralone,19.53998679842512
CC1=CC(C)=CC(P(C2=CC(C)=CC(C)=C2)C3=C(C4=C(P(C5=CC(C)=CC(C)=C5)C6=CC(C)=CC(C)=C6)C=CC7=C4OCO7)C8=C(OCO8)C=C3)=C1,alpha-tetralone,23.16312323540972
C12CC(CC(C3)(PC45CC6CC(CC(C5)C6)C4)C2)CC3C1,alpha-tetralone,16.381098135803587
NCCCP(C1=CC=CC=C1)C2=CC=CC=C2,alpha-tetralone,11.350425831849991
CC(P(C1CCCCC1)C2CCCCC2)C3=CC=C[C-]3P(C4=CC=CC=C4)C5=CC=CC=C5.[CH-]6C=CC=C6.[Fe+2],alpha-tetralone,20.681464285714288
CC(C)(C)P(C(C)(C)C)C(C)(C)C,alpha-tetralone,10.527671779346658
FC1=C(C(F)=C(C(F)=C1P(C2=C(F)C(F)=C(F)C(F)=C2F)C3=C(C(F)=C(C(F)=C3F)F)F)F)F,alpha-tetralone,18.54998956558661
CC12CC3(OC(CC(O1)(P3C4=CC=CC=C4)C)(O2)C)C,alpha-tetralone,3.2114915828596766
CC(P(C1=CC=CC=C1)C2=CC=CC=C2)C(P(C3=CC=CC=C3)C4=CC=CC=C4)C,alpha-tetralone,4.079269347928075
CC(C)(P(C(C)(C)C)C1=CC=C(N(C)C)C=C1)C,alpha-tetralone,7.911940910673247
CC(C)(C)P(C(C)(C)C)C/C=C(C)/C,alpha-tetralone,9.372510104919861
FC1=C(F)C(F)=C(F)C(P(C2=CC=CC=C2)C3=CC=CC=C3)=C1F,alpha-tetralone,16.71547367983837
C/C(P(C1CCCCC1)C2CCCCC2)=C(C3=CC=CC=C3)\C4=CC=CC=C4,alpha-tetralone,4.207996418234658
O=S(C1=CC=CC(P(C2=CC=CC=C2)C3=CC=CC=C3)=C1)([O-])=O.[Na+],alpha-tetralone,20.820232835877576
CC(P(C1=CC=C(N(C)C)C=C1)C2=CC=C(N(C)C)C=C2)CC(C)P(C3=CC=C(N(C)C)C=C3)C4=CC=C(N(C)C)C=C4,alpha-tetralone,10.123805125710877
CC(P(C1=CC(C)=CC(C)=C1)C2=CC(C)=CC(C)=C2)CC(C)P(C3=CC(C)=CC(C)=C3)C4=CC(C)=CC(C)=C4,alpha-tetralone,13.73063975361339
CCCCCCP(CCCCCC)CCCCCC,alpha-tetralone,10.966372595462886
CCCCCCCCP(CCCCCCCC)CCCCCCCC,alpha-tetralone,4.933594383461569
